{
    "mean": 0.09421276437921018,
    "std": 0.10140442558396287,
    "min": 0.0,
    "max": 0.3741929787235244
}