{
    "mean": 0.0005698493777789884,
    "std": 0.003815842533566676,
    "min": 8.86324557053597e-15,
    "max": 0.22436012658853663
}