{
    "mean": 2005.121951219512,
    "std": 496.06830740907543,
    "min": 2,
    "max": 2734
}