{
    "mean": 18933.60975609756,
    "std": 4790.530460357406,
    "min": 32,
    "max": 26064
}